Wikipedia, the free encyclopedia; Main Page; /wiki/Willie_Donald
Willie Donald - Wikipedia; Willie Donald; /wiki/The_Press_and_Journal_(Scotland)
The Press and Journal (Scotland) - Wikipedia; The Press and Journal (Scotland); /wiki/The_Hotspur
The Hotspur - Wikipedia; The Hotspur; /wiki/The_Wizard_(DC_Thomson)
The Wizard (DC Thomson) - Wikipedia; The Wizard (DC Thomson); /wiki/List_of_Beezer_comic_strips
List of Beezer comic strips - Wikipedia; List of Beezer comic strips; /wiki/Dudley_Watkins
Dudley D. Watkins - Wikipedia; Dudley D. Watkins; /wiki/Lochgelly
Lochgelly - Wikipedia; Lochgelly; /wiki/Kirkcaldy_and_Cowdenbeath_(UK_Parliament_constituency)
Kirkcaldy and Cowdenbeath (UK Parliament constituency) - Wikipedia; Kirkcaldy and Cowdenbeath (UK Parliament constituency); /wiki/Scottish_Westminster_constituencies_1955_to_1974
Scottish Westminster constituencies 1955 to 1974 - Wikipedia; Scottish Westminster constituencies 1955 to 1974; /wiki/County_of_Ayr
Ayrshire - Wikipedia; Ayrshire; /wiki/Strathclyde_Regional_Council
Strathclyde - Wikipedia; Strathclyde; /wiki/Strathclyde_Regional_Council_election,_1982
1982 Strathclyde Regional Council election - Wikipedia; 1982 Strathclyde Regional Council election; /wiki/Voter_turnout
Voter turnout - Wikipedia; Voter turnout; /wiki/Scientific_American
Scientific American - Wikipedia; Scientific American; /wiki/Laura_Helmuth
Laura Helmuth - Wikipedia; Laura Helmuth; /wiki/Doi_(identifier)
Digital object identifier - Wikipedia; Digital object identifier; /wiki/RFC_(identifier)
Request for Comments - Wikipedia; Request for Comments; /wiki/Editing
Editing - Wikipedia; Editing; /wiki/Wire_services
News agency - Wikipedia; News agency; /wiki/Medical_journalism
Medical journalism - Wikipedia; Medical journalism; /wiki/Entertainment_journalism
Entertainment journalism - Wikipedia; Entertainment journalism; /wiki/News_presenter
News presenter - Wikipedia; News presenter; /wiki/Comics_journalism
Comics journalism - Wikipedia; Comics journalism; /wiki/Journalism_school
Journalism school - Wikipedia; Journalism school; /wiki/Source_(journalism)
Source (journalism) - Wikipedia; Source (journalism); /wiki/Freedom_of_the_press
Freedom of the press - Wikipedia; Freedom of the press; /wiki/Freedom_of_the_press_in_Ukraine
Freedom of the press in Ukraine - Wikipedia; Freedom of the press in Ukraine; /wiki/Brent_Renaud
Brent Renaud - Wikipedia; Brent Renaud; /wiki/Russian_Ground_Forces
Russian Ground Forces - Wikipedia; Russian Ground Forces; /wiki/Wayback_Machine
Wayback Machine - Wikipedia; Wayback Machine; /wiki/The_Adventures_of_Rocky_and_Bullwinkle_and_Friends
The Adventures of Rocky and Bullwinkle and Friends - Wikipedia; The Adventures of Rocky and Bullwinkle and Friends; /wiki/Feature_film
Feature film - Wikipedia; Feature film; /wiki/Economics_film
Economics film - Wikipedia; Economics film; /wiki/Action_film
Action film - Wikipedia; Action film; /wiki/Girls_with_guns
Girls with guns - Wikipedia; Girls with guns; /wiki/Stop_motion
Stop motion - Wikipedia; Stop motion; /wiki/Object_animation
Object animation - Wikipedia; Object animation; /wiki/List_of_animated_short_series
List of theatrical animated short film series - Wikipedia; List of theatrical animated short film series; /wiki/Puppetoon
Puppetoons - Wikipedia; Puppetoons; /wiki/Machinima
Machinima - Wikipedia; Machinima; /wiki/The_Strangerhood
The Strangerhood - Wikipedia; The Strangerhood; /wiki/MySims_Party
MySims Party - Wikipedia; MySims Party; /wiki/The_Sims_Medieval
The Sims Medieval - Wikipedia; The Sims Medieval; /wiki/Metacritic
Metacritic - Wikipedia; Metacritic; /wiki/Mother%27s_Day_(1980_film)
Mother's Day (1980 film) - Wikipedia; Mother's Day (1980 film); /wiki/DVD
DVD - Wikipedia; DVD; /wiki/Eraser_(film)
Eraser (film) - Wikipedia; Eraser (film); /wiki/New_York_City
New York City - Wikipedia; New York City; /wiki/The_New_York_Times
The New York Times - Wikipedia; The New York Times; /wiki/Thomas_Friedman
Thomas Friedman - Wikipedia; Thomas Friedman; /wiki/Bill_Clinton
Bill Clinton - Wikipedia; Bill Clinton; /wiki/Curlie
Wikipedia, the free encyclopedia; Main Page; /wiki/Spiral_case
Spiral case - Wikipedia; Spiral case; /wiki/Birth_control
Birth control - Wikipedia; Birth control; /wiki/Polyamory
Polyamory - Wikipedia; Polyamory; /wiki/Sexecology
Sexecology - Wikipedia; Sexecology; /wiki/Human_exceptionalism
Anthropocentrism - Wikipedia; Anthropocentrism; /wiki/Doi_(identifier)
Digital object identifier - Wikipedia; Digital object identifier; /wiki/ISO_metric_screw_thread
ISO metric screw thread - Wikipedia; ISO metric screw thread; /wiki/Meta-Object_Facility
Meta-Object Facility - Wikipedia; Meta-Object Facility; /wiki/RELAX_NG
RELAX NG - Wikipedia; RELAX NG; /wiki/On-board_diagnostics
On-board diagnostics - Wikipedia; On-board diagnostics; /wiki/Firmware
Firmware - Wikipedia; Firmware; /wiki/Open_Firmware
Open Firmware - Wikipedia; Open Firmware; /wiki/BIOS
BIOS - Wikipedia; BIOS; /wiki/Blog
Blog - Wikipedia; Blog; /wiki/Instagram
Instagram - Wikipedia; Instagram; /wiki/HTC_First
HTC First - Wikipedia; HTC First; /wiki/Giphy
Giphy - Wikipedia; Giphy; /wiki/Oculus_VR
Reality Labs - Wikipedia; Reality Labs; /wiki/Oculus_Go
Oculus Go - Wikipedia; Oculus Go; /wiki/Foveated_rendering
Foveated rendering - Wikipedia; Foveated rendering; /wiki/Omnidirectional_treadmill
Omnidirectional treadmill - Wikipedia; Omnidirectional treadmill; /wiki/Free_viewpoint_television
Free viewpoint television - Wikipedia; Free viewpoint television; /wiki/H.264/MPEG-4_AVC
Advanced Video Coding - Wikipedia; Advanced Video Coding; /wiki/MPEG-2_Part_2
H.262/MPEG-2 Part 2 - Wikipedia; H.262/MPEG-2 Part 2; /wiki/Video_compression
Data compression - Wikipedia; Data compression; /wiki/Perceptual_coding
Psychoacoustics - Wikipedia; Psychoacoustics; /wiki/Pitch_(music)
Pitch (music) - Wikipedia; Pitch (music); /wiki/Dal_segno
Dal segno - Wikipedia; Dal segno; /wiki/Fingering_(music)
Fingering (music) - Wikipedia; Fingering (music); /wiki/Martel%C3%A9_(bowstroke)
Martelé (bowstroke) - Wikipedia; Martelé (bowstroke); /wiki/Finger_vibrato
Finger vibrato - Wikipedia; Finger vibrato; /wiki/Glissando
Glissando - Wikipedia; Glissando; /wiki/Screaming_(music)
Screaming (music) - Wikipedia; Screaming (music); /wiki/Biker_metal
Biker metal - Wikipedia; Biker metal; /wiki/New_wave_of_British_heavy_metal
New wave of British heavy metal - Wikipedia; New wave of British heavy metal; /wiki/Official_Charts_Company
Official Charts - Wikipedia; Official Charts; /wiki/Music_of_Cornwall
Music of Cornwall - Wikipedia; Music of Cornwall; /wiki/Music_of_Galicia,_Cantabria_and_Asturias
Traditional music of Galicia, Cantabria and Asturias - Wikipedia; Traditional music of Galicia, Cantabria and Asturias; /wiki/Scottish_folk_music
Scottish folk music - Wikipedia; Scottish folk music; /wiki/James_Wedderburn_(poet)
James Wedderburn (poet) - Wikipedia; James Wedderburn (poet); /wiki/Robert_Wedderburn_(poet)
Robert Wedderburn (poet) - Wikipedia; Robert Wedderburn (poet); /wiki/National_Library_of_Scotland
National Library of Scotland - Wikipedia; National Library of Scotland; /wiki/Swiss_National_Library
Swiss National Library - Wikipedia; Swiss National Library; /wiki/National_Library_of_Northern_Cyprus
National Library of Northern Cyprus - Wikipedia; National Library of Northern Cyprus; /wiki/Cyprus
Cyprus - Wikipedia; Cyprus; /wiki/List_of_countries_by_GDP_(PPP)_per_capita
List of countries by GDP (PPP) per capita - Wikipedia; List of countries by GDP (PPP) per capita; /wiki/List_of_Colombian_departments_by_GDP
List of Colombian departments by GDP - Wikipedia; List of Colombian departments by GDP; /wiki/List_of_Latin_American_and_Caribbean_countries_by_GDP_(PPP)
List of Latin American and Caribbean countries by GDP (PPP) - Wikipedia; List of Latin American and Caribbean countries by GDP (PPP); /wiki/List_of_French_regions_and_overseas_collectivities_by_GDP
List of French regions and overseas collectivities by GDP - Wikipedia; List of French regions and overseas collectivities by GDP; /wiki/%C3%8Ele-de-France
Île-de-France - Wikipedia; Île-de-France; /wiki/Gross_regional_product
Gross regional product - Wikipedia; Gross regional product; /wiki/Gross_regional_product
